{"score":[{"value":"Discovery","time":"0:0:0","event":"id","tick":0},{"value":"Discovery.mp3","time":"0:0:0","event":"data","tick":0},{"value":0,"time":"0:0:0","event":"delay_view","tick":0},{"value":0,"time":"0:0:0","event":"delay_sound","tick":0},{"value":240,"time":"0:0:0","event":"speed","tick":0},{"value":100,"time":"0:0:0","event":"point","tick":0},{"value":120,"time":"0:0:0","event":"min","tick":0},{"value":"4/4","time":"0:0:0","event":"time_signature","tick":0},{"value":125,"time":"0:0:0","event":"set_tempo","tick":0},{"value":85,"time":"3:0:0","event":"note_on","tick":5760},{"value":85,"time":"3:1:240","event":"note_on","tick":6480},{"value":85,"time":"3:2:0","event":"note_on","tick":6720},{"value":83,"time":"3:2:360","event":"note_on","tick":7080},{"value":85,"time":"3:3:240","event":"note_on","tick":7440},{"value":83,"time":"4:1:0","event":"note_on","tick":8160},{"value":80,"time":"4:2:0","event":"note_on","tick":8640},{"value":76,"time":"4:2:360","event":"note_on","tick":9000},{"value":73,"time":"4:3:240","event":"note_on","tick":9360},{"value":71,"time":"5:1:0","event":"note_on","tick":10080},{"value":73,"time":"5:2:0","event":"note_on","tick":10560},{"value":76,"time":"5:2:360","event":"note_on","tick":10920},{"value":78,"time":"5:3:240","event":"note_on","tick":11280},{"value":78,"time":"6:2:0","event":"note_on","tick":12480},{"value":85,"time":"6:2:360","event":"note_on","tick":12840},{"value":78,"time":"6:3:240","event":"note_on","tick":13200},{"value":76,"time":"7:0:240","event":"note_on","tick":13680},{"value":78,"time":"7:1:0","event":"note_on","tick":13920},{"value":78,"time":"7:2:0","event":"note_on","tick":14400},{"value":85,"time":"7:2:360","event":"note_on","tick":14760},{"value":78,"time":"7:3:240","event":"note_on","tick":15120},{"value":76,"time":"8:0:240","event":"note_on","tick":15600},{"value":78,"time":"8:1:0","event":"note_on","tick":15840},{"value":78,"time":"8:2:0","event":"note_on","tick":16320},{"value":85,"time":"8:2:360","event":"note_on","tick":16680},{"value":85,"time":"8:3:240","event":"note_on","tick":17040},{"value":81,"time":"9:3:240","event":"note_on","tick":18960},{"value":85,"time":"10:0:0","event":"note_on","tick":19200},{"value":83,"time":"10:0:360","event":"note_on","tick":19560},{"value":81,"time":"10:1:240","event":"note_on","tick":19920},{"value":80,"time":"10:2:0","event":"note_on","tick":20160},{"value":83,"time":"10:2:360","event":"note_on","tick":20520},{"value":85,"time":"10:3:240","event":"note_on","tick":20880},{"value":76,"time":"11:0:467","event":"note_on","tick":21587},{"value":73,"time":"11:1:227","event":"note_on","tick":21827},{"value":71,"time":"11:1:467","event":"note_on","tick":22067},{"value":73,"time":"11:2:107","event":"note_on","tick":22187},{"value":71,"time":"11:2:347","event":"note_on","tick":22427},{"value":81,"time":"11:3:107","event":"note_on","tick":22667},{"value":80,"time":"11:3:227","event":"note_on","tick":22787},{"value":81,"time":"11:3:347","event":"note_on","tick":22907},{"value":71,"time":"11:3:467","event":"note_on","tick":23027},{"value":73,"time":"12:0:227","event":"note_on","tick":23267},{"value":71,"time":"12:0:467","event":"note_on","tick":23507},{"value":73,"time":"12:1:227","event":"note_on","tick":23747},{"value":71,"time":"12:1:467","event":"note_on","tick":23987},{"value":73,"time":"12:2:107","event":"note_on","tick":24107},{"value":71,"time":"12:2:347","event":"note_on","tick":24347},{"value":76,"time":"12:3:227","event":"note_on","tick":24707},{"value":88,"time":"12:3:347","event":"note_on","tick":24827},{"value":71,"time":"12:3:467","event":"note_on","tick":24947},{"value":73,"time":"13:0:227","event":"note_on","tick":25187},{"value":71,"time":"13:0:467","event":"note_on","tick":25427},{"value":73,"time":"13:1:227","event":"note_on","tick":25667},{"value":71,"time":"13:1:467","event":"note_on","tick":25907},{"value":73,"time":"13:2:107","event":"note_on","tick":26027},{"value":71,"time":"13:2:347","event":"note_on","tick":26267},{"value":71,"time":"13:3:467","event":"note_on","tick":26867},{"value":73,"time":"14:0:227","event":"note_on","tick":27107},{"value":71,"time":"14:0:467","event":"note_on","tick":27347},{"value":73,"time":"14:1:227","event":"note_on","tick":27587},{"value":71,"time":"14:1:467","event":"note_on","tick":27827},{"value":73,"time":"14:2:107","event":"note_on","tick":27947},{"value":76,"time":"14:2:347","event":"note_on","tick":28187},{"value":85,"time":"14:3:107","event":"note_on","tick":28427},{"value":83,"time":"14:3:227","event":"note_on","tick":28547},{"value":76,"time":"14:3:347","event":"note_on","tick":28667},{"value":71,"time":"14:3:467","event":"note_on","tick":28787},{"value":73,"time":"15:0:227","event":"note_on","tick":29027},{"value":71,"time":"15:0:467","event":"note_on","tick":29267},{"value":73,"time":"15:1:227","event":"note_on","tick":29507},{"value":71,"time":"15:1:467","event":"note_on","tick":29747},{"value":73,"time":"15:2:107","event":"note_on","tick":29867},{"value":71,"time":"15:2:347","event":"note_on","tick":30107},{"value":81,"time":"15:3:107","event":"note_on","tick":30347},{"value":80,"time":"15:3:227","event":"note_on","tick":30467},{"value":81,"time":"15:3:347","event":"note_on","tick":30587},{"value":71,"time":"15:3:467","event":"note_on","tick":30707},{"value":73,"time":"16:0:227","event":"note_on","tick":30947},{"value":71,"time":"16:0:467","event":"note_on","tick":31187},{"value":73,"time":"16:1:227","event":"note_on","tick":31427},{"value":71,"time":"16:1:467","event":"note_on","tick":31667},{"value":73,"time":"16:2:107","event":"note_on","tick":31787},{"value":71,"time":"16:2:347","event":"note_on","tick":32027},{"value":76,"time":"16:3:227","event":"note_on","tick":32387},{"value":88,"time":"16:3:347","event":"note_on","tick":32507},{"value":71,"time":"16:3:467","event":"note_on","tick":32627},{"value":73,"time":"17:0:227","event":"note_on","tick":32867},{"value":71,"time":"17:0:467","event":"note_on","tick":33107},{"value":73,"time":"17:1:227","event":"note_on","tick":33347},{"value":71,"time":"17:1:467","event":"note_on","tick":33587},{"value":73,"time":"17:2:107","event":"note_on","tick":33707},{"value":71,"time":"17:2:347","event":"note_on","tick":33947},{"value":81,"time":"17:3:107","event":"note_on","tick":34187},{"value":80,"time":"17:3:227","event":"note_on","tick":34307},{"value":81,"time":"17:3:347","event":"note_on","tick":34427},{"value":71,"time":"17:3:467","event":"note_on","tick":34547},{"value":73,"time":"18:0:227","event":"note_on","tick":34787},{"value":71,"time":"18:0:467","event":"note_on","tick":35027},{"value":73,"time":"18:1:227","event":"note_on","tick":35267},{"value":75,"time":"18:1:467","event":"note_on","tick":35507},{"value":73,"time":"18:2:347","event":"note_on","tick":35867},{"value":67,"time":"18:3:227","event":"note_on","tick":36227},{"value":75,"time":"19:1:0","event":"note_on","tick":36960},{"value":73,"time":"19:2:0","event":"note_on","tick":37440},{"value":75,"time":"19:2:360","event":"note_on","tick":37800},{"value":73,"time":"19:3:240","event":"note_on","tick":38160},{"value":75,"time":"20:1:0","event":"note_on","tick":38880},{"value":73,"time":"20:2:0","event":"note_on","tick":39360},{"value":75,"time":"20:2:360","event":"note_on","tick":39720},{"value":78,"time":"20:3:240","event":"note_on","tick":40080},{"value":77,"time":"21:1:0","event":"note_on","tick":40800},{"value":75,"time":"21:2:0","event":"note_on","tick":41280},{"value":73,"time":"21:2:360","event":"note_on","tick":41640},{"value":70,"time":"21:3:240","event":"note_on","tick":42000},{"value":70,"time":"22:2:0","event":"note_on","tick":43200},{"value":73,"time":"22:2:360","event":"note_on","tick":43560},{"value":75,"time":"22:3:240","event":"note_on","tick":43920},{"value":75,"time":"23:1:0","event":"note_on","tick":44640},{"value":73,"time":"23:2:0","event":"note_on","tick":45120},{"value":75,"time":"23:2:360","event":"note_on","tick":45480},{"value":73,"time":"23:3:240","event":"note_on","tick":45840},{"value":71,"time":"24:1:0","event":"note_on","tick":46560},{"value":70,"time":"24:2:0","event":"note_on","tick":47040},{"value":71,"time":"24:2:360","event":"note_on","tick":47400},{"value":70,"time":"24:3:240","event":"note_on","tick":47760},{"value":73,"time":"25:2:0","event":"note_on","tick":48960},{"value":75,"time":"26:0:0","event":"note_on","tick":49920},{"value":73,"time":"26:2:0","event":"note_on","tick":50880},{"value":77,"time":"26:2:360","event":"note_on","tick":51240},{"value":75,"time":"26:3:240","event":"note_on","tick":51600},{"value":75,"time":"27:1:0","event":"note_on","tick":52320},{"value":73,"time":"27:2:0","event":"note_on","tick":52800},{"value":75,"time":"27:2:360","event":"note_on","tick":53160},{"value":77,"time":"27:3:240","event":"note_on","tick":53520},{"value":73,"time":"28:1:0","event":"note_on","tick":54240},{"value":77,"time":"28:2:0","event":"note_on","tick":54720},{"value":80,"time":"28:2:360","event":"note_on","tick":55080},{"value":82,"time":"28:3:240","event":"note_on","tick":55440},{"value":82,"time":"29:0:0","event":"note_on","tick":55680},{"value":73,"time":"29:2:0","event":"note_on","tick":56640},{"value":75,"time":"30:0:0","event":"note_on","tick":57600},{"value":75,"time":"30:2:0","event":"note_on","tick":58560},{"value":77,"time":"30:2:360","event":"note_on","tick":58920},{"value":78,"time":"30:3:240","event":"note_on","tick":59280},{"value":78,"time":"31:1:0","event":"note_on","tick":60000},{"value":77,"time":"31:2:0","event":"note_on","tick":60480},{"value":78,"time":"31:2:360","event":"note_on","tick":60840},{"value":73,"time":"31:3:240","event":"note_on","tick":61200},{"value":80,"time":"32:1:0","event":"note_on","tick":61920},{"value":82,"time":"32:2:0","event":"note_on","tick":62400},{"value":80,"time":"32:2:360","event":"note_on","tick":62760},{"value":82,"time":"32:3:240","event":"note_on","tick":63120},{"value":79,"time":"34:0:0","event":"note_on","tick":65280},{"value":82,"time":"34:2:0","event":"note_on","tick":66240},{"value":80,"time":"34:2:360","event":"note_on","tick":66600},{"value":77,"time":"34:3:240","event":"note_on","tick":66960},{"value":78,"time":"35:0:0","event":"note_on","tick":67200},{"value":77,"time":"35:0:240","event":"note_on","tick":67440},{"value":78,"time":"35:1:0","event":"note_on","tick":67680},{"value":77,"time":"35:1:240","event":"note_on","tick":67920},{"value":78,"time":"35:2:0","event":"note_on","tick":68160},{"value":77,"time":"35:2:120","event":"note_on","tick":68280},{"value":78,"time":"35:2:360","event":"note_on","tick":68520},{"value":80,"time":"36:0:0","event":"note_on","tick":69120},{"value":78,"time":"36:0:240","event":"note_on","tick":69360},{"value":80,"time":"36:1:0","event":"note_on","tick":69600},{"value":78,"time":"36:1:240","event":"note_on","tick":69840},{"value":80,"time":"36:2:0","event":"note_on","tick":70080},{"value":78,"time":"36:2:120","event":"note_on","tick":70200},{"value":80,"time":"36:2:360","event":"note_on","tick":70440},{"value":73,"time":"36:3:120","event":"note_on","tick":70680},{"value":73,"time":"36:3:360","event":"note_on","tick":70920},{"value":82,"time":"37:0:0","event":"note_on","tick":71040},{"value":80,"time":"37:0:240","event":"note_on","tick":71280},{"value":82,"time":"37:1:0","event":"note_on","tick":71520},{"value":80,"time":"37:1:240","event":"note_on","tick":71760},{"value":82,"time":"37:2:0","event":"note_on","tick":72000},{"value":80,"time":"37:2:120","event":"note_on","tick":72120},{"value":82,"time":"37:2:360","event":"note_on","tick":72360},{"value":82,"time":"38:0:0","event":"note_on","tick":72960},{"value":80,"time":"38:0:240","event":"note_on","tick":73200},{"value":82,"time":"38:1:0","event":"note_on","tick":73440},{"value":80,"time":"38:1:240","event":"note_on","tick":73680},{"value":82,"time":"38:2:0","event":"note_on","tick":73920},{"value":80,"time":"38:2:120","event":"note_on","tick":74040},{"value":82,"time":"38:2:360","event":"note_on","tick":74280},{"value":80,"time":"38:3:120","event":"note_on","tick":74520},{"value":78,"time":"38:3:240","event":"note_on","tick":74640},{"value":77,"time":"38:3:360","event":"note_on","tick":74760},{"value":78,"time":"39:0:0","event":"note_on","tick":74880},{"value":77,"time":"39:0:240","event":"note_on","tick":75120},{"value":78,"time":"39:1:0","event":"note_on","tick":75360},{"value":77,"time":"39:1:240","event":"note_on","tick":75600},{"value":78,"time":"39:2:0","event":"note_on","tick":75840},{"value":77,"time":"39:2:120","event":"note_on","tick":75960},{"value":78,"time":"39:2:360","event":"note_on","tick":76200},{"value":80,"time":"40:0:0","event":"note_on","tick":76800},{"value":78,"time":"40:0:240","event":"note_on","tick":77040},{"value":80,"time":"40:1:0","event":"note_on","tick":77280},{"value":78,"time":"40:1:240","event":"note_on","tick":77520},{"value":80,"time":"40:2:0","event":"note_on","tick":77760},{"value":78,"time":"40:2:120","event":"note_on","tick":77880},{"value":80,"time":"40:2:360","event":"note_on","tick":78120},{"value":78,"time":"40:3:120","event":"note_on","tick":78360},{"value":77,"time":"40:3:240","event":"note_on","tick":78480},{"value":77,"time":"40:3:360","event":"note_on","tick":78600},{"value":78,"time":"41:0:0","event":"note_on","tick":78720},{"value":78,"time":"41:1:240","event":"note_on","tick":79440},{"value":78,"time":"41:2:0","event":"note_on","tick":79680},{"value":80,"time":"41:2:360","event":"note_on","tick":80040},{"value":82,"time":"41:3:240","event":"note_on","tick":80400},{"value":80,"time":"42:0:0","event":"note_on","tick":80640},{"value":85,"time":"42:1:240","event":"note_on","tick":81360},{"value":80,"time":"42:1:360","event":"note_on","tick":81480},{"value":78,"time":"42:2:0","event":"note_on","tick":81600},{"value":78,"time":"43:0:0","event":"note_on","tick":82560},{"value":77,"time":"43:0:240","event":"note_on","tick":82800},{"value":78,"time":"43:1:0","event":"note_on","tick":83040},{"value":77,"time":"43:1:240","event":"note_on","tick":83280},{"value":78,"time":"43:2:0","event":"note_on","tick":83520},{"value":77,"time":"43:2:120","event":"note_on","tick":83640},{"value":78,"time":"43:2:360","event":"note_on","tick":83880},{"value":80,"time":"44:0:0","event":"note_on","tick":84480},{"value":78,"time":"44:0:240","event":"note_on","tick":84720},{"value":80,"time":"44:1:0","event":"note_on","tick":84960},{"value":78,"time":"44:1:240","event":"note_on","tick":85200},{"value":80,"time":"44:2:0","event":"note_on","tick":85440},{"value":78,"time":"44:2:120","event":"note_on","tick":85560},{"value":80,"time":"44:2:360","event":"note_on","tick":85800},{"value":73,"time":"44:3:120","event":"note_on","tick":86040},{"value":85,"time":"44:3:360","event":"note_on","tick":86280},{"value":82,"time":"45:0:0","event":"note_on","tick":86400},{"value":80,"time":"45:0:240","event":"note_on","tick":86640},{"value":82,"time":"45:1:0","event":"note_on","tick":86880},{"value":80,"time":"45:1:240","event":"note_on","tick":87120},{"value":82,"time":"45:2:0","event":"note_on","tick":87360},{"value":80,"time":"45:2:120","event":"note_on","tick":87480},{"value":82,"time":"45:2:360","event":"note_on","tick":87720},{"value":82,"time":"46:0:0","event":"note_on","tick":88320},{"value":80,"time":"46:0:240","event":"note_on","tick":88560},{"value":82,"time":"46:1:0","event":"note_on","tick":88800},{"value":80,"time":"46:1:240","event":"note_on","tick":89040},{"value":82,"time":"46:2:0","event":"note_on","tick":89280},{"value":80,"time":"46:2:120","event":"note_on","tick":89400},{"value":82,"time":"46:2:360","event":"note_on","tick":89640},{"value":80,"time":"46:3:120","event":"note_on","tick":89880},{"value":78,"time":"46:3:240","event":"note_on","tick":90000},{"value":77,"time":"46:3:360","event":"note_on","tick":90120},{"value":78,"time":"47:0:0","event":"note_on","tick":90240},{"value":78,"time":"47:1:240","event":"note_on","tick":90960},{"value":78,"time":"47:2:0","event":"note_on","tick":91200},{"value":82,"time":"47:2:360","event":"note_on","tick":91560},{"value":80,"time":"47:3:240","event":"note_on","tick":91920},{"value":78,"time":"48:1:0","event":"note_on","tick":92640},{"value":80,"time":"48:2:0","event":"note_on","tick":93120},{"value":85,"time":"48:2:360","event":"note_on","tick":93480},{"value":82,"time":"48:3:240","event":"note_on","tick":93840},{"value":80,"time":"49:1:240","event":"note_on","tick":94800},{"value":87,"time":"49:2:0","event":"note_on","tick":95040},{"value":85,"time":"49:2:360","event":"note_on","tick":95400},{"value":82,"time":"49:3:240","event":"note_on","tick":95760},{"value":80,"time":"50:2:0","event":"note_on","tick":96960},{"value":83,"time":"50:2:360","event":"note_on","tick":97320},{"value":85,"time":"50:3:240","event":"note_on","tick":97680},{"value":85,"time":"51:1:0","event":"note_on","tick":98400},{"value":85,"time":"51:2:0","event":"note_on","tick":98880},{"value":83,"time":"51:2:360","event":"note_on","tick":99240},{"value":85,"time":"51:3:240","event":"note_on","tick":99600},{"value":83,"time":"52:1:0","event":"note_on","tick":100320},{"value":80,"time":"52:2:0","event":"note_on","tick":100800},{"value":76,"time":"52:2:360","event":"note_on","tick":101160},{"value":73,"time":"52:3:240","event":"note_on","tick":101520},{"value":71,"time":"53:1:0","event":"note_on","tick":102240},{"value":73,"time":"53:2:0","event":"note_on","tick":102720},{"value":76,"time":"53:2:360","event":"note_on","tick":103080},{"value":78,"time":"53:3:240","event":"note_on","tick":103440},{"value":78,"time":"54:2:0","event":"note_on","tick":104640},{"value":83,"time":"54:2:360","event":"note_on","tick":105000},{"value":85,"time":"54:3:240","event":"note_on","tick":105360},{"value":85,"time":"55:1:0","event":"note_on","tick":106080},{"value":85,"time":"55:2:0","event":"note_on","tick":106560},{"value":83,"time":"55:2:360","event":"note_on","tick":106920},{"value":85,"time":"55:3:240","event":"note_on","tick":107280},{"value":83,"time":"56:1:0","event":"note_on","tick":108000},{"value":80,"time":"56:2:0","event":"note_on","tick":108480},{"value":76,"time":"56:2:360","event":"note_on","tick":108840},{"value":81,"time":"56:3:240","event":"note_on","tick":109200},{"value":80,"time":"57:1:0","event":"note_on","tick":109920},{"value":81,"time":"57:2:0","event":"note_on","tick":110400},{"value":83,"time":"57:2:360","event":"note_on","tick":110760},{"value":85,"time":"57:3:240","event":"note_on","tick":111120},{"value":76,"time":"58:2:0","event":"note_on","tick":112320},{"value":83,"time":"58:2:360","event":"note_on","tick":112680},{"value":85,"time":"58:3:240","event":"note_on","tick":113040},{"value":85,"time":"59:1:0","event":"note_on","tick":113760},{"value":85,"time":"59:2:0","event":"note_on","tick":114240},{"value":83,"time":"59:2:360","event":"note_on","tick":114600},{"value":85,"time":"59:3:240","event":"note_on","tick":114960},{"value":83,"time":"60:1:0","event":"note_on","tick":115680},{"value":80,"time":"60:2:0","event":"note_on","tick":116160},{"value":76,"time":"60:2:360","event":"note_on","tick":116520},{"value":73,"time":"60:3:240","event":"note_on","tick":116880},{"value":71,"time":"61:1:0","event":"note_on","tick":117600},{"value":73,"time":"61:2:0","event":"note_on","tick":118080},{"value":76,"time":"61:2:360","event":"note_on","tick":118440},{"value":78,"time":"61:3:240","event":"note_on","tick":118800},{"value":78,"time":"62:2:0","event":"note_on","tick":120000},{"value":85,"time":"62:2:360","event":"note_on","tick":120360},{"value":78,"time":"62:3:240","event":"note_on","tick":120720},{"value":76,"time":"63:0:240","event":"note_on","tick":121200},{"value":83,"time":"63:1:0","event":"note_on","tick":121440},{"value":78,"time":"63:1:0","event":"note_on","tick":121440},{"value":78,"time":"63:2:0","event":"note_on","tick":121920},{"value":85,"time":"63:2:360","event":"note_on","tick":122280},{"value":78,"time":"63:3:240","event":"note_on","tick":122640},{"value":76,"time":"64:0:240","event":"note_on","tick":123120},{"value":82,"time":"64:1:0","event":"note_on","tick":123360},{"value":78,"time":"64:1:0","event":"note_on","tick":123360},{"value":78,"time":"64:2:0","event":"note_on","tick":123840},{"value":85,"time":"64:2:360","event":"note_on","tick":124200},{"value":85,"time":"64:3:240","event":"note_on","tick":124560},{"value":81,"time":"65:3:240","event":"note_on","tick":126480},{"value":85,"time":"66:0:0","event":"note_on","tick":126720},{"value":83,"time":"66:0:360","event":"note_on","tick":127080},{"value":81,"time":"66:1:240","event":"note_on","tick":127440},{"value":80,"time":"66:2:0","event":"note_on","tick":127680},{"value":83,"time":"66:2:360","event":"note_on","tick":128040},{"value":78,"time":"66:3:240","event":"note_on","tick":128400},{"value":80,"time":"68:2:240","event":"note_on","tick":131760},{"value":81,"time":"68:3:240","event":"note_on","tick":132240},{"value":78,"time":"70:0:0","event":"note_on","tick":134400}]}